"Reference","Qty","Value","DNP","Exclude from BOM","Exclude from Board","Footprint","Datasheet"
"C1,C6,C9","3","470uF/50V","","","","Capacitor_SMD:CP_Elec_10x10.5",""
"C2,C4,C5,C10","4","220uF/50V","","","","Capacitor_SMD:CP_Elec_10x10.5",""
"C3,C11,C12","3","10uF/25V","","","","Capacitor_SMD:CP_Elec_4x4.5",""
"C7","1","10uF","","","","Capacitor_SMD:C_0805_2012Metric_Pad1.18x1.45mm_HandSolder","~"
"C8,C17,C20","3","1uF","","","","Capacitor_SMD:C_0805_2012Metric_Pad1.18x1.45mm_HandSolder","~"
"C13,C14,C19","3","1nF","","","","Capacitor_SMD:C_0805_2012Metric","~"
"C15","1","1uF","","","","Capacitor_SMD:C_0805_2012Metric","~"
"C16,C18","2","100uF","","","","Capacitor_SMD:CP_Elec_6.3x5.4","~"
"D1,D3,D6,D8","4","SS54-HF","","","","SS54-HF:DIOM5025X220N",""
"D2,D4,D5,D7,D21","5","LED","","","","LED_SMD:LED_0805_2012Metric","~"
"F1","1","4527","","","","LIB:FUSE_4527",""
"J1","1","USB_B_Micro","","","","Connector_USB:USB_Micro-B_Molex-105017-0001","~"
"J2,J4,J5,J6,J7,J8,J9,J10,J11,J12,J13,J14,J15","13","Conn_01x04","","","","B4B-XH-A_LF__SN_:JST_B4B-XH-A_LF__SN_","~"
"J3","1","USB_A","","","","Connector_USB:USB_A_Stewart_SS-52100-001_Horizontal","~"
"J16","1","Conn_01x04","","","","Connector_PinHeader_2.54mm:PinHeader_1x04_P2.54mm_Vertical_SMD_Pin1Right","~"
"J20","1","USB_A","","","","Connector_USB:USB_A_Kycon_KUSBX-AS1N-B_Horizontal","~"
"J21","1","Screw_Terminal_01x04","","","","Connector_Phoenix_MSTB:PhoenixContact_MSTBA_2,5_4-G-5,08_1x04_P5.08mm_Horizontal","~"
"JP1","1","SolderJumper_2_Open","","Excluded from BOM","","Jumper:SolderJumper-2_P1.3mm_Open_RoundedPad1.0x1.5mm","~"
"L1,L2,L3","3","CDRH105RNP-4R7NC","","","","CDRH105RNP-4R7NC:IND_CDRH105RNP-4R7NC",""
"Q1,Q2","2","BC847","","","","Package_TO_SOT_SMD:SOT-23","http://www.infineon.com/dgdl/Infineon-BC847SERIES_BC848SERIES_BC849SERIES_BC850SERIES-DS-v01_01-en.pdf?fileId=db3a304314dca389011541d4630a1657"
"Q3,Q4,Q5,Q6,Q7,Q8,Q9,Q10,Q11,Q12,Q13,Q21","12","BC337","","","","Package_TO_SOT_THT:TO-92_Inline","https://diotec.com/tl_files/diotec/files/pdf/datasheets/bc337.pdf"
"R1,R2,R9,R43,R48","5","330","","","","Resistor_SMD:R_0805_2012Metric_Pad1.20x1.40mm_HandSolder","~"
"R3,R8","2","470","","","","Resistor_SMD:R_0805_2012Metric_Pad1.20x1.40mm_HandSolder","~"
"R4,R7","2","12k","","","","Resistor_SMD:R_0805_2012Metric_Pad1.20x1.40mm_HandSolder","~"
"R5,R6,R44,R46,R49,R66,R68,R70,R72,R74,R77,R79,R81,R83","14","10k","","","","Resistor_SMD:R_0805_2012Metric_Pad1.20x1.40mm_HandSolder","~"
"R10,R12,R14,R16,R18,R20,R22,R23,R26,R27,R30,R31","12","10","","","","Resistor_SMD:R_0805_2012Metric_Pad1.20x1.40mm_HandSolder","~"
"R13,R15,R17,R19,R21,R24,R25,R28,R29,R32,R33,R76","12","1k","","","","Resistor_SMD:R_0805_2012Metric_Pad1.20x1.40mm_HandSolder","~"
"R40,R41,R84","3","4.7k","","","","Resistor_SMD:R_0805_2012Metric_Pad1.20x1.40mm_HandSolder","~"
"R42,R45,R47,R62,R67,R69,R71,R73,R75,R78,R80,R82","12","15k","","","","Resistor_SMD:R_0805_2012Metric_Pad1.20x1.40mm_HandSolder","~"
"R50,R51,R52,R53,R54,R55,R63,R64,R65","9","10K","","","","Resistor_SMD:R_0805_2012Metric_Pad1.20x1.40mm_HandSolder","~"
"SW1,SW4","2","SW_DIP_x04","","","","Button_Switch_THT:SW_DIP_SPSTx04_Slide_9.78x12.34mm_W7.62mm_P2.54mm","~"
"SW2,SW3","2","SW_Push","","","","Button_Switch_SMD:SW_Push_1P1T_NO_E-Switch_TL3301NxxxxxG","~"
"U1","1","ESP32-WROOM-32D","","","","RF_Module:ESP32-WROOM-32D","https://www.espressif.com/sites/default/files/documentation/esp32-wroom-32d_esp32-wroom-32u_datasheet_en.pdf"
"U2","1","LM2596S-5","","","","Package_TO_SOT_SMD:TO-263-5_TabPin3","http://www.ti.com/lit/ds/symlink/lm2596.pdf"
"U3,U6","2","LM2596S-3.3","","","","Package_TO_SOT_SMD:TO-263-5_TabPin3","http://www.ti.com/lit/ds/symlink/lm2596.pdf"
"U4","1","CH340C","","","","Package_SO:SOIC-16_3.9x9.9mm_P1.27mm","https://datasheet.lcsc.com/szlcsc/Jiangsu-Qin-Heng-CH340C_C84681.pdf"
"U7,U8,U9,U10,U11,U12,U13,U14,U15,U17,U18,U22","12","OPTO","","","","IVSFootprint:OptoIsolation-EL357N-G","~"
"U16","1","AMS1117-3.3","","","","Package_TO_SOT_SMD:SOT-223-3_TabPin2","http://www.advanced-monolithic.com/pdf/ds1117.pdf"
"U19","1","PCA9685","","","","PCA9685:TSSOP28",""
"U24","1","MPU-6050","","","","Sensor_Motion:InvenSense_QFN-24_4x4mm_P0.5mm","https://invensense.tdk.com/wp-content/uploads/2015/02/MPU-6000-Datasheet1.pdf"
"U25,U26","2","MCP3008","","","","MCU-MCP3008-I_P_DIP16-7.62MM_:DIP16-2.54-19.2X7.62MM","http://ww1.microchip.com/downloads/en/DeviceDoc/21295d.pdf"
